"Rank","Country / Dependency","Total in km2 (mi2)","Land in km2 (mi2)","Water in km2 (mi2)","% water","Notes"
"–","World https://upload.wikimedia.org/wikipedia/commons/thumb/d/dc/Flag_placeholder.svg/23px-Flag_placeholder.svg.png","510,072,000 (196,940,000)","148,940,000 (57,510,000)","361,132,000 (139,434,000)","70.8",""
"1","Russia https://upload.wikimedia.org/wikipedia/en/thumb/f/f3/Flag_of_Russia.svg/23px-Flag_of_Russia.svg.png","17,098,246 (6,601,670)","16,377,742 (6,323,482)","720,500 (278,200)","4.21","Largest country in the world (10.995% of the world's land mass); its Asian portion makes it the largest country in Asia, and its European portion of roughly 3,960,000 km2 (1,530,000 sq mi) makes it the largest country in Europe."
"–","Antarctica https://upload.wikimedia.org/wikipedia/commons/thumb/b/bb/Proposed_flag_of_Antarctica_%28Graham_Bartram%29.svg/23px-Proposed_flag_of_Antarctica_%28Graham_Bartram%29.svg.png","14,000,000 (5,400,000)","14,000,000 (5,400,000)","0 (0)","0","13,720,000 km2 (5,300,000 sq mi) (98%) of the land area is covered by ice. Though not itself a country, areas are claimed by a number of countries.[Note 2]"
"2","Canada https://upload.wikimedia.org/wikipedia/commons/thumb/d/d9/Flag_of_Canada_%28Pantone%29.svg/23px-Flag_of_Canada_%28Pantone%29.svg.png","9,984,670 (3,855,100)","9,093,507 (3,511,023)","891,163 (344,080)","8.93","Largest English- and largest French-speaking country; largest country completely in the Western Hemisphere by total area (second-largest by land area, after the United States); with the largest surface area of water. Total area and water area figures include area covered by freshwater only and do not include internal waters (non-freshwater) of about 1,600,000 km2, nor territorial waters of 200,000 km2.[4][5]"
"3","China https://upload.wikimedia.org/wikipedia/commons/thumb/f/fa/Flag_of_the_People%27s_Republic_of_China.svg/23px-Flag_of_the_People%27s_Republic_of_China.svg.png","9,596,961 (3,705,407)","9,326,410 (3,600,950)","270,550 (104,460)","2.82","Second-largest country in Asia (though the largest located wholly within the continent), and second-largest country in the world by land area. Excludes Taiwan, disputed territories with India, and disputed islands in the South China Sea. Figures for total area and water area also exclude all coastal and territorial waters.[Note 3]"
"4","United States https://upload.wikimedia.org/wikipedia/en/thumb/a/a4/Flag_of_the_United_States.svg/23px-Flag_of_the_United_States.svg.png","9,525,067 (3,677,649) –9,833,517 (3,796,742)[7]","9,147,593 (3,531,905) –9,147,643 (3,531,925)[7]","377,424 (145,724) –685,924 (264,837)[7]","3.96–6.97","Largest English-speaking country and largest in the Western Hemisphere by land area (second-largest by total area, after Canada). Secondary figures for total area and water area include all coastal and territorial waters.[Note 3]"
"5","Brazil https://upload.wikimedia.org/wikipedia/en/thumb/0/05/Flag_of_Brazil.svg/22px-Flag_of_Brazil.svg.png","8,515,767 (3,287,956)","8,460,415 (3,266,584)","55,352 (21,372)","0.65","Largest Portuguese-speaking country, largest country in South America and mostly[Note 4] in the Southern Hemisphere, and the largest contiguous territory in the Americas.[11]"
"6","Australia https://upload.wikimedia.org/wikipedia/commons/thumb/8/88/Flag_of_Australia_%28converted%29.svg/23px-Flag_of_Australia_%28converted%29.svg.png","7,692,024 (2,969,907)","7,633,565 (2,947,336)","58,459 (22,571)","0.76","Third-largest English-speaking country and largest country in Oceania, largest country without land borders, and the largest country completely in the Southern Hemisphere.[Note 5]"
"7","India https://upload.wikimedia.org/wikipedia/en/thumb/4/41/Flag_of_India.svg/23px-Flag_of_India.svg.png","3,287,263 (1,269,219)","2,973,190 (1,147,960)","314,073 (121,264)","9.55","Third-largest country in Asia and largest country in South Asia.[Note 6]"
"8","Argentina https://upload.wikimedia.org/wikipedia/commons/thumb/1/1a/Flag_of_Argentina.svg/23px-Flag_of_Argentina.svg.png","2,780,400 (1,073,500)","2,736,690 (1,056,640)","43,710 (16,880)","1.57","Largest Spanish-speaking country and second-largest country in South America.[Note 7]"
"9","Kazakhstan https://upload.wikimedia.org/wikipedia/commons/thumb/d/d3/Flag_of_Kazakhstan.svg/23px-Flag_of_Kazakhstan.svg.png","2,724,900 (1,052,100)","2,699,700 (1,042,400)","25,200 (9,700)","0.92","Largest landlocked country.[16] Second-largest Russian-speaking country, after Russia, and the largest country in Central Asia. Transcontinental country located between Asia and Europe."
"10","Algeria https://upload.wikimedia.org/wikipedia/commons/thumb/7/77/Flag_of_Algeria.svg/23px-Flag_of_Algeria.svg.png","2,381,741 (919,595)","2,381,741 (919,595)","0 (0)","0","Largest country in Africa; also largest in the Arab world and the Mediterranean Basin.[Note 8]"
"11","Democratic Republic of the Congo https://upload.wikimedia.org/wikipedia/commons/thumb/6/6f/Flag_of_the_Democratic_Republic_of_the_Congo.svg/20px-Flag_of_the_Democratic_Republic_of_the_Congo.svg.png","2,344,858 (905,355)","2,267,048 (875,312)","77,810 (30,040)","3.32","Second-largest French-speaking country. Largest country in Central and Sub-Saharan Africa. Second-largest country in Africa, has the largest French-speaking city (Kinshasa)."
"–","Kingdom of Denmark https://upload.wikimedia.org/wikipedia/commons/thumb/9/9c/Flag_of_Denmark.svg/20px-Flag_of_Denmark.svg.png","2,220,093 (857,183)","2,220,072 (857,175)","21 (8.1)","0","UN figure does not include the entire Kingdom area."
"–","Greenland (Denmark) https://upload.wikimedia.org/wikipedia/commons/thumb/0/09/Flag_of_Greenland.svg/23px-Flag_of_Greenland.svg.png","2,166,086 (836,330)","2,166,086 (836,330)[Note 9]","0 (0)","0","Largest island in the world. Largest territory in the Kingdom of Denmark."
"12","Saudi Arabia https://upload.wikimedia.org/wikipedia/commons/thumb/0/0d/Flag_of_Saudi_Arabia.svg/23px-Flag_of_Saudi_Arabia.svg.png","2,149,690 (830,000)","2,149,690 (830,000)","0 (0)","0","Largest country in Western Asia. Second-largest in the Arab world, after Algeria."
"13","Mexico https://upload.wikimedia.org/wikipedia/commons/thumb/f/fc/Flag_of_Mexico.svg/23px-Flag_of_Mexico.svg.png","1,964,375 (758,449)","1,943,945 (750,561)","20,430 (7,890)","1.04","Second-largest Spanish-speaking country by area, after Argentina."
"14","Indonesia https://upload.wikimedia.org/wikipedia/commons/thumb/9/9f/Flag_of_Indonesia.svg/23px-Flag_of_Indonesia.svg.png","1,910,931 (737,815)","1,811,569 (699,451)","93,000 (36,000)","4.87","Largest country in Southeast Asia. Largest island country and archipelagic state in the world by area and population.[18]"
"15","Sudan https://upload.wikimedia.org/wikipedia/commons/thumb/0/01/Flag_of_Sudan.svg/23px-Flag_of_Sudan.svg.png","1,861,484 (718,723)","not determined","not determined","not determined[Note 10]","Third-largest country in Africa and third-largest in the Arab world.[1]"
"16","Libya https://upload.wikimedia.org/wikipedia/commons/thumb/0/05/Flag_of_Libya.svg/23px-Flag_of_Libya.svg.png","1,759,540 (679,360)","1,759,540 (679,360)","0 (0)","0",""
"17","Iran https://upload.wikimedia.org/wikipedia/commons/thumb/c/ca/Flag_of_Iran.svg/23px-Flag_of_Iran.svg.png","1,648,195 (636,372)","1,531,595 (591,352)","116,600 (45,000)","7.07","[Note 11]"
"18","Mongolia https://upload.wikimedia.org/wikipedia/commons/thumb/4/4c/Flag_of_Mongolia.svg/23px-Flag_of_Mongolia.svg.png","1,564,110 (603,910)","1,553,556 (599,831)","10,560 (4,080)","0.68","Second-largest landlocked country and largest that does not border a closed sea."
"19","Peru https://upload.wikimedia.org/wikipedia/commons/thumb/c/cf/Flag_of_Peru.svg/23px-Flag_of_Peru.svg.png","1,285,216 (496,225)","1,279,996 (494,209)","5,220 (2,020)","0.41","Third-largest Spanish-speaking country and third-largest country in South America."
"20","Chad https://upload.wikimedia.org/wikipedia/commons/thumb/4/4b/Flag_of_Chad.svg/23px-Flag_of_Chad.svg.png","1,284,000 (496,000)","1,259,200 (486,200)","24,800 (9,600)","1.93","Third-largest landlocked country and largest outside of Asia."
"21","Niger https://upload.wikimedia.org/wikipedia/commons/thumb/f/f4/Flag_of_Niger.svg/18px-Flag_of_Niger.svg.png","1,267,000 (489,000)","1,266,700 (489,100)","300 (120)","0.02","Largest country in West Africa."
"22","Angola https://upload.wikimedia.org/wikipedia/commons/thumb/9/9d/Flag_of_Angola.svg/23px-Flag_of_Angola.svg.png","1,246,700 (481,400)","1,246,700 (481,400)","0 (0)","0",""
"23","Mali https://upload.wikimedia.org/wikipedia/commons/thumb/9/92/Flag_of_Mali.svg/23px-Flag_of_Mali.svg.png","1,240,192 (478,841)","1,220,190 (471,120)","20,002 (7,723)","1.61",""
"24","South Africa https://upload.wikimedia.org/wikipedia/commons/thumb/a/af/Flag_of_South_Africa.svg/23px-Flag_of_South_Africa.svg.png","1,221,037 (471,445)","1,214,470 (468,910)","4,620 (1,780)","0.38","Largest country in Southern Africa."
"25","Colombia https://upload.wikimedia.org/wikipedia/commons/thumb/2/21/Flag_of_Colombia.svg/23px-Flag_of_Colombia.svg.png","1,141,748 (440,831)","1,038,700 (401,000)","100,210 (38,690)","8.8",""
"26","Ethiopia https://upload.wikimedia.org/wikipedia/commons/thumb/7/71/Flag_of_Ethiopia.svg/23px-Flag_of_Ethiopia.svg.png","1,104,300 (426,400)","1,000,000 (390,000)","104,300 (40,300)","0.7","Largest country in East Africa.[Note 12]"
"27","Bolivia https://upload.wikimedia.org/wikipedia/commons/thumb/4/48/Flag_of_Bolivia.svg/22px-Flag_of_Bolivia.svg.png","1,098,581 (424,164)","1,083,301 (418,265)","15,280 (5,900)","1.39",""
"28","Mauritania https://upload.wikimedia.org/wikipedia/commons/thumb/4/43/Flag_of_Mauritania.svg/23px-Flag_of_Mauritania.svg.png","1,030,700 (398,000)","1,025,520 (395,960)","4,480 (1,730)","0.44",""
"29","Egypt https://upload.wikimedia.org/wikipedia/commons/thumb/f/fe/Flag_of_Egypt.svg/23px-Flag_of_Egypt.svg.png","1,002,450 (387,050)","995,450 (384,350)","6,000 (2,300)","0.6","Transcontinental country located between Asia and Africa."
"30","Tanzania https://upload.wikimedia.org/wikipedia/commons/thumb/3/38/Flag_of_Tanzania.svg/23px-Flag_of_Tanzania.svg.png","945,087 (364,900)","885,800 (342,000)","61,500 (23,700)","6.49",""
"31","Nigeria https://upload.wikimedia.org/wikipedia/commons/thumb/7/79/Flag_of_Nigeria.svg/23px-Flag_of_Nigeria.svg.png","923,768 (356,669)","910,768 (351,649)","13,000 (5,000)","1.41",""
"32","Venezuela https://upload.wikimedia.org/wikipedia/commons/thumb/0/06/Flag_of_Venezuela.svg/23px-Flag_of_Venezuela.svg.png","916,445 (353,841)","882,050 (340,560)","30,000 (12,000)","3.29",""
"33","Pakistan https://upload.wikimedia.org/wikipedia/commons/thumb/3/32/Flag_of_Pakistan.svg/23px-Flag_of_Pakistan.svg.png","907,843 (350,520)","882,623 (340,783)","25,220 (9,740)","2.86","[Note 13]"
"34","Namibia https://upload.wikimedia.org/wikipedia/commons/thumb/0/00/Flag_of_Namibia.svg/23px-Flag_of_Namibia.svg.png","825,615 (318,772)","823,290 (317,870)","2,425 (936)","0.12",""
"35","Mozambique https://upload.wikimedia.org/wikipedia/commons/thumb/d/d0/Flag_of_Mozambique.svg/23px-Flag_of_Mozambique.svg.png","801,590 (309,500)","786,380 (303,620)","13,000 (5,000)","1.63",""
"36","Turkey https://upload.wikimedia.org/wikipedia/commons/thumb/b/b4/Flag_of_Turkey.svg/23px-Flag_of_Turkey.svg.png","783,562 (302,535)","769,632 (297,157)","13,930 (5,380)","1.78","Transcontinental country located between Asia and Europe."
"37","Chile https://upload.wikimedia.org/wikipedia/commons/thumb/7/78/Flag_of_Chile.svg/23px-Flag_of_Chile.svg.png","756,102 (291,933)","743,812 (287,187)","12,290 (4,750)","1.63","[Note 14]"
"38","Zambia https://upload.wikimedia.org/wikipedia/commons/thumb/0/06/Flag_of_Zambia.svg/23px-Flag_of_Zambia.svg.png","752,612 (290,585)","743,398 (287,028)","9,220 (3,560)","1.23",""
"39","Myanmar https://upload.wikimedia.org/wikipedia/commons/thumb/8/8c/Flag_of_Myanmar.svg/23px-Flag_of_Myanmar.svg.png","676,578 (261,228)","653,508 (252,321)","23,070 (8,910)","3.41",""
"40","Afghanistan https://upload.wikimedia.org/wikipedia/commons/thumb/9/9a/Flag_of_Afghanistan.svg/23px-Flag_of_Afghanistan.svg.png","652,864 (252,072)","652,864 (252,072)","0 (0)","0",""
"41","South Sudan https://upload.wikimedia.org/wikipedia/commons/thumb/7/7a/Flag_of_South_Sudan.svg/23px-Flag_of_South_Sudan.svg.png","644,329 (248,777)","not determined","not determined","not determined[Note 10]","[Note 15]"
"42","France https://upload.wikimedia.org/wikipedia/en/thumb/c/c3/Flag_of_France.svg/23px-Flag_of_France.svg.png","640,679 (247,368)","640,427 (247,270)","3,374 (1,303)","0.52","Figures include metropolitan France (in Europe) as well as the five overseas regions. This does not include New Caledonia (an autonomous sui generis collectivity), the five autonomous overseas collectivities, and the two uninhabited territories (the French Southern and Antarctic Lands and Clipperton Island) which are listed individually, although also part of the French Republic.[Note 16] Third-largest country by European area, and largest within the EU by EU territory."
"43","Somalia https://upload.wikimedia.org/wikipedia/commons/thumb/a/a0/Flag_of_Somalia.svg/23px-Flag_of_Somalia.svg.png","637,657 (246,201)","627,337 (242,216)","10,320 (3,980)","1.62",""
"44","Central African Republic https://upload.wikimedia.org/wikipedia/commons/thumb/6/6f/Flag_of_the_Central_African_Republic.svg/23px-Flag_of_the_Central_African_Republic.svg.png","622,984 (240,535)","622,984 (240,535)","0 (0)","0",""
"45","Ukraine https://upload.wikimedia.org/wikipedia/commons/thumb/4/49/Flag_of_Ukraine.svg/23px-Flag_of_Ukraine.svg.png","603,500 (233,000)","579,300 (223,700)","24,200 (9,300)","4.01","Second-largest country by European area and largest country wholly in Europe"
"46","Madagascar https://upload.wikimedia.org/wikipedia/commons/thumb/b/bc/Flag_of_Madagascar.svg/23px-Flag_of_Madagascar.svg.png","587,041 (226,658)","581,540 (224,530)","5,501 (2,124)","0.94",""
"47","Botswana https://upload.wikimedia.org/wikipedia/commons/thumb/f/fa/Flag_of_Botswana.svg/23px-Flag_of_Botswana.svg.png","581,730 (224,610)","566,730 (218,820)","15,000 (5,800)","2.58","[Note 17]"
"48","Kenya https://upload.wikimedia.org/wikipedia/commons/thumb/4/49/Flag_of_Kenya.svg/23px-Flag_of_Kenya.svg.png","580,367 (224,081)","569,140 (219,750)","11,227 (4,335)","1.93",""
"–","France (metropolitan) https://upload.wikimedia.org/wikipedia/en/thumb/c/c3/Flag_of_France.svg/23px-Flag_of_France.svg.png","543,940 (210,020)","","","","Metropolitan France (the part of France located in Europe)"
"49","Yemen https://upload.wikimedia.org/wikipedia/commons/thumb/8/89/Flag_of_Yemen.svg/23px-Flag_of_Yemen.svg.png","527,968 (203,850)","527,968 (203,850)","0 (0)","0",""
"50","Thailand https://upload.wikimedia.org/wikipedia/commons/thumb/a/a9/Flag_of_Thailand.svg/23px-Flag_of_Thailand.svg.png","513,120 (198,120)","510,890 (197,260)","2,230 (860)","0.43",""
"51","Spain https://upload.wikimedia.org/wikipedia/en/thumb/9/9a/Flag_of_Spain.svg/23px-Flag_of_Spain.svg.png","505,992 (195,365)","498,980 (192,660)","6,390 (2,470)","1.26","Largest country in Southern Europe and second-largest member state of European Union."
"52","Turkmenistan https://upload.wikimedia.org/wikipedia/commons/thumb/1/1b/Flag_of_Turkmenistan.svg/23px-Flag_of_Turkmenistan.svg.png","488,100 (188,500)","469,930 (181,440)","18,170 (7,020)","3.72",""
"53","Cameroon https://upload.wikimedia.org/wikipedia/commons/thumb/4/4f/Flag_of_Cameroon.svg/23px-Flag_of_Cameroon.svg.png","475,442 (183,569)","472,710 (182,510)","2,730 (1,050)","0.57",""
"54","Papua New Guinea https://upload.wikimedia.org/wikipedia/commons/thumb/e/e3/Flag_of_Papua_New_Guinea.svg/20px-Flag_of_Papua_New_Guinea.svg.png","462,840 (178,700)","452,860 (174,850)","9,980 (3,850)","2.16",""
"55","Sweden https://upload.wikimedia.org/wikipedia/en/thumb/4/4c/Flag_of_Sweden.svg/23px-Flag_of_Sweden.svg.png","450,295 (173,860)","410,335 (158,431)","39,960 (15,430)","8.87","Largest country in Northern Europe. Third-largest member state of European Union."
"56","Uzbekistan https://upload.wikimedia.org/wikipedia/commons/thumb/8/84/Flag_of_Uzbekistan.svg/23px-Flag_of_Uzbekistan.svg.png","447,400 (172,700)","425,400 (164,200)","22,000 (8,500)","4.92",""
"57","Morocco https://upload.wikimedia.org/wikipedia/commons/thumb/2/2c/Flag_of_Morocco.svg/23px-Flag_of_Morocco.svg.png","446,550 (172,410)","446,300 (172,300)","250 (97)","0.06","Does not include the disputed Western Sahara, shown separately.[Note 18]"
"58","Iraq https://upload.wikimedia.org/wikipedia/commons/thumb/f/f6/Flag_of_Iraq.svg/23px-Flag_of_Iraq.svg.png","438,317 (169,235)","437,367 (168,868)","950 (370)","0.22","[Note 19]"
"59","Paraguay https://upload.wikimedia.org/wikipedia/commons/thumb/2/27/Flag_of_Paraguay.svg/23px-Flag_of_Paraguay.svg.png","406,752 (157,048)","397,302 (153,399)","9,450 (3,650)","2.32",""
"60","Zimbabwe https://upload.wikimedia.org/wikipedia/commons/thumb/6/6a/Flag_of_Zimbabwe.svg/23px-Flag_of_Zimbabwe.svg.png","390,757 (150,872)","386,847 (149,362)","3,910 (1,510)","1",""
"61","Norway https://upload.wikimedia.org/wikipedia/commons/thumb/d/d9/Flag_of_Norway.svg/21px-Flag_of_Norway.svg.png","385,207 (148,729)","365,957 (141,297)","19,520 (7,540)","5.00","Kingdom of Norway, including Svalbard and Jan Mayen, but excluding Bouvet Island and the Antarctic territorial claims of Queen Maud Land and Peter I Island.[Note 20]"
"62","Japan https://upload.wikimedia.org/wikipedia/en/thumb/9/9e/Flag_of_Japan.svg/23px-Flag_of_Japan.svg.png","377,975 (145,937)","364,545 (140,752)","13,430 (5,190)","3.55","Largest island country in East Asia and the world's 4th largest island country.[Note 21]"
"63","Germany https://upload.wikimedia.org/wikipedia/en/thumb/b/ba/Flag_of_Germany.svg/23px-Flag_of_Germany.svg.png","357,114 (137,882)","348,672 (134,623)","8,350 (3,220)","2.34","Largest country in Central Europe. Before the 1990 German reunification, West Germany was 248,577 (95,976) and East Germany was 108,333 (41,828)."
"64","Republic of the Congo https://upload.wikimedia.org/wikipedia/commons/thumb/9/92/Flag_of_the_Republic_of_the_Congo.svg/23px-Flag_of_the_Republic_of_the_Congo.svg.png","342,000 (132,000)","341,500 (131,900)","500 (190)","0.15",""
"65","Finland https://upload.wikimedia.org/wikipedia/commons/thumb/b/bc/Flag_of_Finland.svg/23px-Flag_of_Finland.svg.png","338,424 (130,666)","303,815 (117,304)","34,330 (13,250)","10.15","[Note 22]"
"66","Vietnam https://upload.wikimedia.org/wikipedia/commons/thumb/2/21/Flag_of_Vietnam.svg/23px-Flag_of_Vietnam.svg.png","331,212 (127,882)","310,070 (119,720)","21,140 (8,160)","6.38",""
"67","Malaysia https://upload.wikimedia.org/wikipedia/commons/thumb/6/66/Flag_of_Malaysia.svg/23px-Flag_of_Malaysia.svg.png","330,803 (127,724)","329,613 (127,264)","1,190 (460)","0.35",""
"–","Norway (mainland) https://upload.wikimedia.org/wikipedia/commons/thumb/d/d9/Flag_of_Norway.svg/21px-Flag_of_Norway.svg.png","323,802 (125,021)","304,282 (117,484)","19,520 (7,540)","6.03","Mainland Norway, excluding Svalbard, Jan Mayen and the dependent territories.[Note 20]"
"68","Ivory Coast https://upload.wikimedia.org/wikipedia/commons/thumb/f/fe/Flag_of_C%C3%B4te_d%27Ivoire.svg/23px-Flag_of_C%C3%B4te_d%27Ivoire.svg.png","322,463 (124,504)","318,003 (122,782)","4,460 (1,720)","1.38",""
"69","Poland https://upload.wikimedia.org/wikipedia/en/thumb/1/12/Flag_of_Poland.svg/23px-Flag_of_Poland.svg.png","312,696 (120,733)","311,888 (120,421)","791 (305)","3.07",""
"70","Oman https://upload.wikimedia.org/wikipedia/commons/thumb/d/dd/Flag_of_Oman.svg/23px-Flag_of_Oman.svg.png","309,500 (119,500)","309,500 (119,500)","0 (0)","0",""
"71","Italy https://upload.wikimedia.org/wikipedia/en/thumb/0/03/Flag_of_Italy.svg/23px-Flag_of_Italy.svg.png","301,339 (116,348)","294,140 (113,570)","7,200 (2,800)","2.39",""
"72","Philippines https://upload.wikimedia.org/wikipedia/commons/thumb/9/99/Flag_of_the_Philippines.svg/23px-Flag_of_the_Philippines.svg.png","300,000 (120,000)","298,170 (115,120)","1,830 (710)","0.61",""
"73","Ecuador https://upload.wikimedia.org/wikipedia/commons/thumb/e/e8/Flag_of_Ecuador.svg/23px-Flag_of_Ecuador.svg.png","276,841 (106,889)","256,369 (98,985)","6,720 (2,590)","2.37","[Note 23]"
"74","Burkina Faso https://upload.wikimedia.org/wikipedia/commons/thumb/3/31/Flag_of_Burkina_Faso.svg/23px-Flag_of_Burkina_Faso.svg.png","274,222 (105,878)","273,602 (105,638)","620 (240)","0.23","[Note 24]"
"75","New Zealand https://upload.wikimedia.org/wikipedia/commons/thumb/3/3e/Flag_of_New_Zealand.svg/23px-Flag_of_New_Zealand.svg.png","270,467 (104,428)","262,443 (101,330)","4,395 (1,697)","1.65","[Note 25]"
"76","Gabon https://upload.wikimedia.org/wikipedia/commons/thumb/0/04/Flag_of_Gabon.svg/20px-Flag_of_Gabon.svg.png","267,668 (103,347)","257,667 (99,486)","10,000 (3,900)","3.74",""
"–","Sahrawi Arab Democratic Republic https://upload.wikimedia.org/wikipedia/commons/thumb/2/26/Flag_of_the_Sahrawi_Arab_Democratic_Republic.svg/23px-Flag_of_the_Sahrawi_Arab_Democratic_Republic.svg.png","266,000 (103,000)","266,000 (103,000)","0 (0)","0","Disputed territory. Administrative control is limited to approximately one-third of this area, with the remaining area controlled by Morocco."
"77","Guinea https://upload.wikimedia.org/wikipedia/commons/thumb/e/ed/Flag_of_Guinea.svg/23px-Flag_of_Guinea.svg.png","245,857 (94,926)","245,717 (94,872)","140 (54)","0.06",""
"78","United Kingdom https://upload.wikimedia.org/wikipedia/en/thumb/a/ae/Flag_of_the_United_Kingdom.svg/23px-Flag_of_the_United_Kingdom.svg.png","242,495 (93,628)","241,930 (93,410)","1,680 (650)","0.69","Largest island country in Europe and Western Hemisphere.[Note 26]"
"79","Uganda https://upload.wikimedia.org/wikipedia/commons/thumb/4/4e/Flag_of_Uganda.svg/23px-Flag_of_Uganda.svg.png","241,550 (93,260)","197,100 (76,100)","43,938 (16,965)","18.23",""
"80","Ghana https://upload.wikimedia.org/wikipedia/commons/thumb/1/19/Flag_of_Ghana.svg/23px-Flag_of_Ghana.svg.png","238,533 (92,098)","227,533 (87,851)","11,000 (4,200)","4.61",""
"81","Romania https://upload.wikimedia.org/wikipedia/commons/thumb/7/73/Flag_of_Romania.svg/23px-Flag_of_Romania.svg.png","238,397 (92,046)","231,291 (89,302)","7,100 (2,700)","2.97",""
"82","Laos https://upload.wikimedia.org/wikipedia/commons/thumb/5/56/Flag_of_Laos.svg/23px-Flag_of_Laos.svg.png","236,800 (91,400)","230,800 (89,100)","6,000 (2,300)","2.53","Only landlocked country in South East Asia."
"83","Guyana https://upload.wikimedia.org/wikipedia/commons/thumb/9/99/Flag_of_Guyana.svg/23px-Flag_of_Guyana.svg.png","214,969 (83,000)","196,849 (76,004)","18,120 (7,000)","8.43",""
"84","Belarus https://upload.wikimedia.org/wikipedia/commons/thumb/8/85/Flag_of_Belarus.svg/23px-Flag_of_Belarus.svg.png","207,600 (80,200)","202,900 (78,300)","4,700 (1,800)","2.26","Largest landlocked country in Europe."
"85","Kyrgyzstan https://upload.wikimedia.org/wikipedia/commons/thumb/c/c7/Flag_of_Kyrgyzstan.svg/23px-Flag_of_Kyrgyzstan.svg.png","199,951 (77,202)","191,801 (74,055)","8,150 (3,150)","4.08",""
"86","Senegal https://upload.wikimedia.org/wikipedia/commons/thumb/f/fd/Flag_of_Senegal.svg/23px-Flag_of_Senegal.svg.png","196,722 (75,955)","192,530 (74,340)","4,192 (1,619)","2.13",""
"87","Syria https://upload.wikimedia.org/wikipedia/commons/thumb/5/53/Flag_of_Syria.svg/23px-Flag_of_Syria.svg.png","185,180 (71,500)","183,630 (70,900)","1,550 (600)","0.84","[Note 27]"
"88","Cambodia https://upload.wikimedia.org/wikipedia/commons/thumb/8/83/Flag_of_Cambodia.svg/23px-Flag_of_Cambodia.svg.png","181,035 (69,898)","176,515 (68,153)","4,520 (1,750)","2.5",""
"89","Uruguay https://upload.wikimedia.org/wikipedia/commons/thumb/f/fe/Flag_of_Uruguay.svg/23px-Flag_of_Uruguay.svg.png","176,215 (68,037)","175,015 (67,574)","1,200 (460)","0.68",""
"–","Somaliland https://upload.wikimedia.org/wikipedia/commons/thumb/4/4d/Flag_of_Somaliland.svg/23px-Flag_of_Somaliland.svg.png","176,120 (68,000)","","","","[Note 28]"
"90","Suriname https://upload.wikimedia.org/wikipedia/commons/thumb/6/60/Flag_of_Suriname.svg/23px-Flag_of_Suriname.svg.png","163,820 (63,250)","156,000 (60,000)","7,820 (3,020)","4.77","Smallest country in South America."
"91","Tunisia https://upload.wikimedia.org/wikipedia/commons/thumb/c/ce/Flag_of_Tunisia.svg/23px-Flag_of_Tunisia.svg.png","163,610 (63,170)","155,360 (59,980)","8,250 (3,190)","5.04",""
"92","Bangladesh https://upload.wikimedia.org/wikipedia/commons/thumb/f/f9/Flag_of_Bangladesh.svg/23px-Flag_of_Bangladesh.svg.png","147,570 (56,980)","130,168 (50,258)","13,830 (5,340)","9.6","[Note 29]"
"93","Nepal https://upload.wikimedia.org/wikipedia/commons/thumb/9/9b/Flag_of_Nepal.svg/16px-Flag_of_Nepal.svg.png","147,181 (56,827)","143,351 (55,348)","3,830 (1,480)","2.6","Nepal is the largest country in the Himalayan range. The Government of Nepal gives its area as 147,516 square kilometres (56,956 sq mi), which includes an additional 335 square kilometers of disputed territory under Indian administration.[28]"
"94","Tajikistan https://upload.wikimedia.org/wikipedia/commons/thumb/d/d0/Flag_of_Tajikistan.svg/23px-Flag_of_Tajikistan.svg.png","143,100 (55,300)","141,510 (54,640)","2,590 (1,000)","1.81",""
"95","Greece https://upload.wikimedia.org/wikipedia/commons/thumb/5/5c/Flag_of_Greece.svg/23px-Flag_of_Greece.svg.png","131,957 (50,949)","130,647 (50,443)","1,310 (510)","0.99",""
"96","Nicaragua https://upload.wikimedia.org/wikipedia/commons/thumb/1/19/Flag_of_Nicaragua.svg/23px-Flag_of_Nicaragua.svg.png","130,373 (50,337)","119,990 (46,330)","10,380 (4,010)","7.96","Largest country in Central America."
"97","North Korea https://upload.wikimedia.org/wikipedia/commons/thumb/5/51/Flag_of_North_Korea.svg/23px-Flag_of_North_Korea.svg.png","120,540 (46,540)","120,538 (46,540)","2 (0.77)","0.11",""
"98","Malawi https://upload.wikimedia.org/wikipedia/commons/thumb/d/d1/Flag_of_Malawi.svg/23px-Flag_of_Malawi.svg.png","118,484 (45,747)","94,080 (36,320)","24,404 (9,422)","20.6",""
"99","Eritrea https://upload.wikimedia.org/wikipedia/commons/thumb/2/29/Flag_of_Eritrea.svg/23px-Flag_of_Eritrea.svg.png","117,600 (45,400)","101,000 (39,000)","16,600 (6,400)","14.12",""
"100","Benin https://upload.wikimedia.org/wikipedia/commons/thumb/0/0a/Flag_of_Benin.svg/23px-Flag_of_Benin.svg.png","114,763 (44,310)","114,305 (44,133)","457.569 (176.668)","0.40","[Note 30]"
"101","Honduras https://upload.wikimedia.org/wikipedia/commons/thumb/8/82/Flag_of_Honduras.svg/23px-Flag_of_Honduras.svg.png","112,492 (43,433)","111,890 (43,200)","200 (77)","0.18",""
"102","Liberia https://upload.wikimedia.org/wikipedia/commons/thumb/b/b8/Flag_of_Liberia.svg/23px-Flag_of_Liberia.svg.png","111,369 (43,000)","96,320 (37,190)","15,049 (5,810)","13.51",""
"103","Bulgaria https://upload.wikimedia.org/wikipedia/commons/thumb/9/9a/Flag_of_Bulgaria.svg/23px-Flag_of_Bulgaria.svg.png","111,002 (42,858)","108,612 (41,935)","2,390 (920)","2.16",""
"104","Cuba https://upload.wikimedia.org/wikipedia/commons/thumb/b/bd/Flag_of_Cuba.svg/23px-Flag_of_Cuba.svg.png","109,884 (42,426)","109,820 (42,400)","1,040 (400)","0.94","Largest country in the West Indies."
"105","Guatemala https://upload.wikimedia.org/wikipedia/commons/thumb/e/ec/Flag_of_Guatemala.svg/23px-Flag_of_Guatemala.svg.png","108,889 (42,042)","107,159 (41,374)","1,730 (670)","1.59",""
"106","Iceland https://upload.wikimedia.org/wikipedia/commons/thumb/c/ce/Flag_of_Iceland.svg/21px-Flag_of_Iceland.svg.png","103,000 (40,000)","100,250 (38,710)","2,750 (1,060)","2.67",""
"107","South Korea https://upload.wikimedia.org/wikipedia/commons/thumb/0/09/Flag_of_South_Korea.svg/23px-Flag_of_South_Korea.svg.png","100,210 (38,690)","99,909 (38,575)","301 (116)","0.3",""
"108","Hungary https://upload.wikimedia.org/wikipedia/commons/thumb/c/c1/Flag_of_Hungary.svg/23px-Flag_of_Hungary.svg.png","93,028 (35,918)","89,608 (34,598)","3,420 (1,320)","3.68",""
"109","Portugal https://upload.wikimedia.org/wikipedia/commons/thumb/5/5c/Flag_of_Portugal.svg/23px-Flag_of_Portugal.svg.png","92,090 (35,560)","91,470 (35,320)","620 (240)","0.67",""
"110","Jordan https://upload.wikimedia.org/wikipedia/commons/thumb/c/c0/Flag_of_Jordan.svg/23px-Flag_of_Jordan.svg.png","89,342 (34,495)","88,802 (34,287)","540 (210)","0.6",""
"111","Serbia https://upload.wikimedia.org/wikipedia/commons/thumb/f/ff/Flag_of_Serbia.svg/23px-Flag_of_Serbia.svg.png","88,361 (34,116)","88,246 (34,072)","115 (44)","0.13","The largest Serbo-Croatian-speaking country. [Note 31]"
"112","Azerbaijan https://upload.wikimedia.org/wikipedia/commons/thumb/d/dd/Flag_of_Azerbaijan.svg/23px-Flag_of_Azerbaijan.svg.png","86,600 (33,400)","86,100 (33,200)","500 (190)","0.13","Largest country in Caucasus. Transcontinental country located between Asia and Europe. [Note 32]"
"113","Austria https://upload.wikimedia.org/wikipedia/commons/thumb/4/41/Flag_of_Austria.svg/23px-Flag_of_Austria.svg.png","83,871 (32,383)","82,445 (31,832)","1,426 (551)","1.7",""
"114","United Arab Emirates https://upload.wikimedia.org/wikipedia/commons/thumb/c/cb/Flag_of_the_United_Arab_Emirates.svg/23px-Flag_of_the_United_Arab_Emirates.svg.png","83,600 (32,300)","83,600 (32,300)","0 (0)","0",""
"115","Czech Republic https://upload.wikimedia.org/wikipedia/commons/thumb/c/cb/Flag_of_the_Czech_Republic.svg/23px-Flag_of_the_Czech_Republic.svg.png","78,865 (30,450)","77,247 (29,825)","1,620 (630)","2.05",""
"116","Panama https://upload.wikimedia.org/wikipedia/commons/thumb/a/ab/Flag_of_Panama.svg/23px-Flag_of_Panama.svg.png","75,417 (29,119)","74,340 (28,700)","1,080 (420)","1.43",""
"117","Sierra Leone https://upload.wikimedia.org/wikipedia/commons/thumb/1/17/Flag_of_Sierra_Leone.svg/23px-Flag_of_Sierra_Leone.svg.png","71,740 (27,700)","71,620 (27,650)","120 (46)","0.17",""
"118","Ireland https://upload.wikimedia.org/wikipedia/commons/thumb/4/45/Flag_of_Ireland.svg/23px-Flag_of_Ireland.svg.png","70,273 (27,133)","68,883 (26,596)","1,390 (540)","1.98","The figure shown is for the Republic of Ireland; the island of Ireland is 84,421 km2 or 32,595 sq mi.[31]"
"119","Georgia https://upload.wikimedia.org/wikipedia/commons/thumb/0/0f/Flag_of_Georgia.svg/23px-Flag_of_Georgia.svg.png","69,700 (26,900)","69,700 (26,900)","0 (0)","0","Transcontinental country located between Asia and Europe.[Note 33]"
"120","Sri Lanka https://upload.wikimedia.org/wikipedia/commons/thumb/1/11/Flag_of_Sri_Lanka.svg/23px-Flag_of_Sri_Lanka.svg.png","65,610 (25,330)","62,732 (24,221)","2,878 (1,111)","4.4",""
"121","Lithuania https://upload.wikimedia.org/wikipedia/commons/thumb/1/11/Flag_of_Lithuania.svg/23px-Flag_of_Lithuania.svg.png","65,300 (25,200)","62,680 (24,200)","2,620 (1,010)","4.01",""
"122","Latvia https://upload.wikimedia.org/wikipedia/commons/thumb/8/84/Flag_of_Latvia.svg/23px-Flag_of_Latvia.svg.png","64,559 (24,926)","62,249 (24,034)","2,340 (900)","3.62",""
"–","Svalbard (Norway) https://upload.wikimedia.org/wikipedia/commons/thumb/d/d9/Flag_of_Norway.svg/21px-Flag_of_Norway.svg.png","62,045 (23,956)","62,045 (23,956)","0 (0)","0","[Note 34]"
"123","Togo https://upload.wikimedia.org/wikipedia/commons/thumb/6/68/Flag_of_Togo.svg/23px-Flag_of_Togo.svg.png","56,785 (21,925)","54,385 (20,998)","2,400 (930)","4.23",""
"124","Croatia https://upload.wikimedia.org/wikipedia/commons/thumb/1/1b/Flag_of_Croatia.svg/23px-Flag_of_Croatia.svg.png","56,594 (21,851)","55,974 (21,612)","620 (240)","1.1",""
"125","Bosnia and Herzegovina https://upload.wikimedia.org/wikipedia/commons/thumb/b/bf/Flag_of_Bosnia_and_Herzegovina.svg/23px-Flag_of_Bosnia_and_Herzegovina.svg.png","51,209 (19,772)","51,187 (19,763)","10 (3.9)","0.02",""
"126","Costa Rica https://upload.wikimedia.org/wikipedia/commons/thumb/f/f2/Flag_of_Costa_Rica.svg/23px-Flag_of_Costa_Rica.svg.png","51,100 (19,700)","51,060 (19,710)","40 (15)","0.08",""
"127","Slovakia https://upload.wikimedia.org/wikipedia/commons/thumb/e/e6/Flag_of_Slovakia.svg/23px-Flag_of_Slovakia.svg.png","49,037 (18,933)","48,105 (18,573)","930 (360)","1.9",""
"128","Dominican Republic https://upload.wikimedia.org/wikipedia/commons/thumb/9/9f/Flag_of_the_Dominican_Republic.svg/23px-Flag_of_the_Dominican_Republic.svg.png","48,671 (18,792)","48,320 (18,660)","350 (140)","0.72",""
"129","Estonia https://upload.wikimedia.org/wikipedia/commons/thumb/8/8f/Flag_of_Estonia.svg/23px-Flag_of_Estonia.svg.png","45,227 (17,462)","42,388 (16,366)","2,840 (1,100)","6.28",""
"130","Denmark https://upload.wikimedia.org/wikipedia/commons/thumb/9/9c/Flag_of_Denmark.svg/20px-Flag_of_Denmark.svg.png","43,094 (16,639)","42,434 (16,384)","660 (250)","1.53","Includes Denmark proper only, but excludes the autonomous territories in the Kingdom of Denmark, shown separately."
"131","Netherlands https://upload.wikimedia.org/wikipedia/commons/thumb/2/20/Flag_of_the_Netherlands.svg/23px-Flag_of_the_Netherlands.svg.png","41,850 (16,160)","33,893 (13,086)","7,650 (2,950)","18.41","Includes the special municipalities, but excludes other countries in the Kingdom of the Netherlands, shown separately.[Note 35]"
"132","Switzerland https://upload.wikimedia.org/wikipedia/commons/thumb/f/f3/Flag_of_Switzerland.svg/16px-Flag_of_Switzerland.svg.png","41,284 (15,940)","39,997 (15,443)","1,280 (490)","3.1","[Note 36]"
"133","Bhutan https://upload.wikimedia.org/wikipedia/commons/thumb/9/91/Flag_of_Bhutan.svg/23px-Flag_of_Bhutan.svg.png","38,394 (14,824)","38,394 (14,824)","0 (0)","0",""
"–","Taiwan https://upload.wikimedia.org/wikipedia/commons/thumb/7/72/Flag_of_the_Republic_of_China.svg/23px-Flag_of_the_Republic_of_China.svg.png","36,193 (13,974)","32,260 (12,460)","3,720 (1,440)","10.34","Between 1945 and 1949, the Republic of China included Mainland China, Mongolia, Taiwan and other areas, totaling 11,418,174 km2 (4,408,582 sq mi).[Note 37]"
"134","Guinea-Bissau https://upload.wikimedia.org/wikipedia/commons/thumb/0/01/Flag_of_Guinea-Bissau.svg/23px-Flag_of_Guinea-Bissau.svg.png","36,125 (13,948)","28,120 (10,860)","8,005 (3,091)","22.16",""
"135","Moldova https://upload.wikimedia.org/wikipedia/commons/thumb/2/27/Flag_of_Moldova.svg/23px-Flag_of_Moldova.svg.png","33,846 (13,068)","32,891 (12,699)","960 (370)","2.84","[Note 38]"
"136","Belgium https://upload.wikimedia.org/wikipedia/commons/thumb/9/92/Flag_of_Belgium_%28civil%29.svg/23px-Flag_of_Belgium_%28civil%29.svg.png","30,528 (11,787)","30,278 (11,690)","250 (97)","0.82",""
"137","Lesotho https://upload.wikimedia.org/wikipedia/commons/thumb/4/4a/Flag_of_Lesotho.svg/23px-Flag_of_Lesotho.svg.png","30,355 (11,720)","30,355 (11,720)","0 (0)","0",""
"138","Armenia https://upload.wikimedia.org/wikipedia/commons/thumb/2/2f/Flag_of_Armenia.svg/23px-Flag_of_Armenia.svg.png","29,743 (11,484)","28,342 (10,943)","1,401 (541)","4.71",""
"139","Solomon Islands https://upload.wikimedia.org/wikipedia/commons/thumb/7/74/Flag_of_the_Solomon_Islands.svg/23px-Flag_of_the_Solomon_Islands.svg.png","28,896 (11,157)","27,986 (10,805)","910 (350)","3.15",""
"140","Albania https://upload.wikimedia.org/wikipedia/commons/thumb/3/36/Flag_of_Albania.svg/21px-Flag_of_Albania.svg.png","28,748 (11,100)","27,398 (10,578)","1,350 (520)","4.7",""
"141","Equatorial Guinea https://upload.wikimedia.org/wikipedia/commons/thumb/3/31/Flag_of_Equatorial_Guinea.svg/23px-Flag_of_Equatorial_Guinea.svg.png","28,051 (10,831)","28,051 (10,831)","0 (0)","0",""
"142","Burundi https://upload.wikimedia.org/wikipedia/commons/thumb/5/50/Flag_of_Burundi.svg/23px-Flag_of_Burundi.svg.png","27,834 (10,747)","25,680 (9,920)","2,150 (830)","7.73",""
"143","Haiti https://upload.wikimedia.org/wikipedia/commons/thumb/5/56/Flag_of_Haiti.svg/23px-Flag_of_Haiti.svg.png","27,750 (10,710)","27,560 (10,640)","190 (73)","0.68",""
"144","Rwanda https://upload.wikimedia.org/wikipedia/commons/thumb/1/17/Flag_of_Rwanda.svg/23px-Flag_of_Rwanda.svg.png","26,338 (10,169)","24,668 (9,524)","1,670 (640)","6.34",""
"145","North Macedonia https://upload.wikimedia.org/wikipedia/commons/thumb/7/79/Flag_of_North_Macedonia.svg/23px-Flag_of_North_Macedonia.svg.png","25,713 (9,928)","25,433 (9,820)","280 (110)","1.09",""
"146","Djibouti https://upload.wikimedia.org/wikipedia/commons/thumb/3/34/Flag_of_Djibouti.svg/23px-Flag_of_Djibouti.svg.png","23,200 (9,000)","23,180 (8,950)","20 (7.7)","0.09",""
"147","Belize https://upload.wikimedia.org/wikipedia/commons/thumb/e/e7/Flag_of_Belize.svg/23px-Flag_of_Belize.svg.png","22,966 (8,867)","22,806 (8,805)","160 (62)","0.7",""
"148","El Salvador https://upload.wikimedia.org/wikipedia/commons/thumb/3/34/Flag_of_El_Salvador.svg/23px-Flag_of_El_Salvador.svg.png","21,041 (8,124)","20,721 (8,000)","320 (120)","1.52","Smallest country in the continental Americas."
"149","Israel https://upload.wikimedia.org/wikipedia/commons/thumb/d/d4/Flag_of_Israel.svg/21px-Flag_of_Israel.svg.png","20,770 (8,020)","20,330 (7,850)","440 (170)","2.12","[Note 39]"
"150","Slovenia https://upload.wikimedia.org/wikipedia/commons/thumb/f/f0/Flag_of_Slovenia.svg/23px-Flag_of_Slovenia.svg.png","20,273 (7,827)","20,151 (7,780)","122 (47)","0.6",""
"–","New Caledonia (France) https://upload.wikimedia.org/wikipedia/commons/thumb/6/66/Flag_of_FLNKS.svg/23px-Flag_of_FLNKS.svg.png","18,575 (7,172)","18,275 (7,056)","300 (120)","1.62",""
"151","Fiji https://upload.wikimedia.org/wikipedia/commons/thumb/b/ba/Flag_of_Fiji.svg/23px-Flag_of_Fiji.svg.png","18,272 (7,055)","18,274 (7,056)","0 (0)","0",""
"152","Kuwait https://upload.wikimedia.org/wikipedia/commons/thumb/a/aa/Flag_of_Kuwait.svg/23px-Flag_of_Kuwait.svg.png","17,818 (6,880)","17,818 (6,880)","0 (0)","0",""
"153","Eswatini https://upload.wikimedia.org/wikipedia/commons/thumb/f/fb/Flag_of_Eswatini.svg/23px-Flag_of_Eswatini.svg.png","17,364 (6,704)","17,204 (6,643)","160 (62)","0.92",""
"154","Timor-Leste https://upload.wikimedia.org/wikipedia/commons/thumb/2/26/Flag_of_East_Timor.svg/23px-Flag_of_East_Timor.svg.png","14,919 (5,760)","14,919 (5,760)","0 (0)","0",""
"155","The Bahamas https://upload.wikimedia.org/wikipedia/commons/thumb/9/93/Flag_of_the_Bahamas.svg/23px-Flag_of_the_Bahamas.svg.png","13,943 (5,383)","10,010 (3,860)","3,870 (1,490)","27.88",""
"156","Montenegro https://upload.wikimedia.org/wikipedia/commons/thumb/6/64/Flag_of_Montenegro.svg/23px-Flag_of_Montenegro.svg.png","13,812 (5,333)","13,452 (5,194)","360 (140)","2.61",""
"157","Vanuatu https://upload.wikimedia.org/wikipedia/commons/thumb/b/bc/Flag_of_Vanuatu.svg/23px-Flag_of_Vanuatu.svg.png","12,189 (4,706)","12,189 (4,706)","0 (0)","0",""
"–","Falkland Islands (United Kingdom) https://upload.wikimedia.org/wikipedia/commons/thumb/8/83/Flag_of_the_Falkland_Islands.svg/23px-Flag_of_the_Falkland_Islands.svg.png","12,173 (4,700)","12,173 (4,700)","0 (0)","0",""
"158","Qatar https://upload.wikimedia.org/wikipedia/commons/thumb/6/65/Flag_of_Qatar.svg/23px-Flag_of_Qatar.svg.png","11,586 (4,473)","11,586 (4,473)","0 (0)","0",""
"–","Artsakh https://upload.wikimedia.org/wikipedia/commons/thumb/3/3d/Flag_of_Artsakh.svg/23px-Flag_of_Artsakh.svg.png","11,458 (4,424)","11,458 (4,424)","1,200 (460)","1","[Note 40] 5.000 km2. Armenian-controlled territories surrounding Nagorno-Karabakh by regions 11,5 km2."
"159","The Gambia https://upload.wikimedia.org/wikipedia/commons/thumb/7/77/Flag_of_The_Gambia.svg/23px-Flag_of_The_Gambia.svg.png","11,295 (4,361)","10,000 (3,900)","1,295 (500)","11.47","Smallest country in continental Africa."
"160","Jamaica https://upload.wikimedia.org/wikipedia/commons/thumb/0/0a/Flag_of_Jamaica.svg/23px-Flag_of_Jamaica.svg.png","10,991 (4,244)","10,831 (4,182)","160 (62)","1.46",""
"–","Kosovo https://upload.wikimedia.org/wikipedia/commons/thumb/1/1f/Flag_of_Kosovo.svg/21px-Flag_of_Kosovo.svg.png","10,887 (4,203)","","","","[Note 41]"
"161","Lebanon https://upload.wikimedia.org/wikipedia/commons/thumb/5/59/Flag_of_Lebanon.svg/23px-Flag_of_Lebanon.svg.png","10,452 (4,036)","10,230 (3,950)","170 (66)","1.63","Second smallest country in continental Asia."
"162","Cyprus https://upload.wikimedia.org/wikipedia/commons/thumb/d/d4/Flag_of_Cyprus.svg/23px-Flag_of_Cyprus.svg.png","9,251 (3,572)","9,241 (3,568)","10 (3.9)","0.11","[Note 42]"
"–","Puerto Rico (United States) https://upload.wikimedia.org/wikipedia/commons/thumb/2/28/Flag_of_Puerto_Rico.svg/23px-Flag_of_Puerto_Rico.svg.png","9,104 (3,515)","9,104 (3,515)","3,054 (1,179)","35.2","An American territory, it is the third-largest island of the United States after the Big Island of Hawaii and Kodiak Island of Alaska. Also the smallest part of Hispanic America."
"–","Abkhazia https://upload.wikimedia.org/wikipedia/commons/thumb/7/7a/Flag_of_the_Republic_of_Abkhazia.svg/23px-Flag_of_the_Republic_of_Abkhazia.svg.png","8,660 (3,340)","","","","[Note 43]"
"–","French Southern Territories (France) https://upload.wikimedia.org/wikipedia/commons/thumb/a/a7/Flag_of_the_French_Southern_and_Antarctic_Lands.svg/23px-Flag_of_the_French_Southern_and_Antarctic_Lands.svg.png","7,747 (2,991)","7,668 (2,961)","79.8 (30.8)","1.03","Excludes claim on Adélie Land in Antarctica.[Note 44]"
"–","United States Minor Outlying Islands https://upload.wikimedia.org/wikipedia/en/thumb/a/a4/Flag_of_the_United_States.svg/23px-Flag_of_the_United_States.svg.png","6,959.41 (2,687.04)","34.2 (13.2)","6,937 (2,678)","99.68",""
"–","State of Palestine https://upload.wikimedia.org/wikipedia/commons/thumb/0/00/Flag_of_Palestine.svg/23px-Flag_of_Palestine.svg.png","6,020 (2,320)","6,000 (2,300)","220 (85)","3.9","[Note 45]"
"163","Brunei https://upload.wikimedia.org/wikipedia/commons/thumb/9/9c/Flag_of_Brunei.svg/23px-Flag_of_Brunei.svg.png","5,765 (2,226)","5,265 (2,033)","500 (190)","8.67",""
"164","Trinidad and Tobago https://upload.wikimedia.org/wikipedia/commons/thumb/6/64/Flag_of_Trinidad_and_Tobago.svg/23px-Flag_of_Trinidad_and_Tobago.svg.png","5,130 (1,980)","5,128 (1,980)","0 (0)","0",""
"–","French Polynesia (France) https://upload.wikimedia.org/wikipedia/commons/thumb/d/db/Flag_of_French_Polynesia.svg/23px-Flag_of_French_Polynesia.svg.png","4,167 (1,609)","3,827 (1,478)","340 (130)","8.16",""
"–","Transnistria https://upload.wikimedia.org/wikipedia/commons/thumb/5/58/Flag_of_Transnistria.svg/23px-Flag_of_Transnistria.svg.png","4,163 (1,607)","","","","[Note 46]"
"165","Cape Verde https://upload.wikimedia.org/wikipedia/commons/thumb/3/38/Flag_of_Cape_Verde.svg/23px-Flag_of_Cape_Verde.svg.png","4,033 (1,557)","4,033 (1,557)","0 (0)","0",""
"–","South Georgia and the South Sandwich Islands (United Kingdom) https://upload.wikimedia.org/wikipedia/commons/thumb/e/ed/Flag_of_South_Georgia_and_the_South_Sandwich_Islands.svg/23px-Flag_of_South_Georgia_and_the_South_Sandwich_Islands.svg.png","3,903 (1,507)","3,903 (1,507)","0 (0)","0","[Note 15]"
"–","South Ossetia https://upload.wikimedia.org/wikipedia/commons/thumb/1/12/Flag_of_South_Ossetia.svg/23px-Flag_of_South_Ossetia.svg.png","3,900 (1,500)","","","","[Note 47]"
"–","Northern Cyprus https://upload.wikimedia.org/wikipedia/commons/thumb/1/1e/Flag_of_the_Turkish_Republic_of_Northern_Cyprus.svg/23px-Flag_of_the_Turkish_Republic_of_Northern_Cyprus.svg.png","3,355 (1,295)","","","","[Note 48]"
"166","Samoa https://upload.wikimedia.org/wikipedia/commons/thumb/3/31/Flag_of_Samoa.svg/23px-Flag_of_Samoa.svg.png","2,842 (1,097)","2,821 (1,089)","10 (3.9)","0.35",""
"–","Hong Kong (China) https://upload.wikimedia.org/wikipedia/commons/thumb/5/5b/Flag_of_Hong_Kong.svg/23px-Flag_of_Hong_Kong.svg.png","2,755 (1,064)","1,106 (427)","1,649 (637) [38]","59.8",""
"167","Luxembourg https://upload.wikimedia.org/wikipedia/commons/thumb/d/da/Flag_of_Luxembourg.svg/23px-Flag_of_Luxembourg.svg.png","2,586 (998)","2,586 (998)","0 (0)","0","The smallest country that is not a European microstate or island country."
"–","Bir Tawil (terra nullius)","2,060 (800)","2,060 (800)","0 (0)","0",""
"168","Mauritius https://upload.wikimedia.org/wikipedia/commons/thumb/7/77/Flag_of_Mauritius.svg/23px-Flag_of_Mauritius.svg.png","2,040 (790)","2,030 (780)","10 (3.9)","0.49","[Note 49]"
"169","Comoros https://upload.wikimedia.org/wikipedia/commons/thumb/9/94/Flag_of_the_Comoros.svg/23px-Flag_of_the_Comoros.svg.png","1,862 (719)","1,862 (719)","0 (0)","0","[Note 50]"
"–","Åland Islands (Finland) https://upload.wikimedia.org/wikipedia/commons/thumb/5/52/Flag_of_%C3%85land.svg/23px-Flag_of_%C3%85land.svg.png","1,580 (610)","","","","[Note 51]"
"–","Faroe Islands (Denmark) https://upload.wikimedia.org/wikipedia/commons/thumb/3/3c/Flag_of_the_Faroe_Islands.svg/21px-Flag_of_the_Faroe_Islands.svg.png","1,393 (538)","1,393 (538)","Negligible","Negligible","[Note 52]"
"170","São Tomé and Príncipe https://upload.wikimedia.org/wikipedia/commons/thumb/4/4f/Flag_of_Sao_Tome_and_Principe.svg/23px-Flag_of_Sao_Tome_and_Principe.svg.png","964 (372)","964 (372)","0 (0)","0",""
"–","Turks and Caicos Islands (United Kingdom) https://upload.wikimedia.org/wikipedia/commons/thumb/a/a0/Flag_of_the_Turks_and_Caicos_Islands.svg/23px-Flag_of_the_Turks_and_Caicos_Islands.svg.png","948 (366)","430 (170)","0 (0)","0","[Note 15]"
"171","Kiribati https://upload.wikimedia.org/wikipedia/commons/thumb/d/d3/Flag_of_Kiribati.svg/23px-Flag_of_Kiribati.svg.png","811 (313)","811 (313)","0 (0)","0","[Note 53]"
"172","Bahrain https://upload.wikimedia.org/wikipedia/commons/thumb/2/2c/Flag_of_Bahrain.svg/23px-Flag_of_Bahrain.svg.png","778 (300)","778 (300)","0 (0)","0",""
"173","Dominica https://upload.wikimedia.org/wikipedia/commons/thumb/c/c4/Flag_of_Dominica.svg/23px-Flag_of_Dominica.svg.png","751 (290)","751 (290)","0 (0)","0",""
"174","Tonga https://upload.wikimedia.org/wikipedia/commons/thumb/9/9a/Flag_of_Tonga.svg/23px-Flag_of_Tonga.svg.png","747 (288)","717 (277)","30 (12)","4.02",""
"175","Singapore https://upload.wikimedia.org/wikipedia/commons/thumb/4/48/Flag_of_Singapore.svg/23px-Flag_of_Singapore.svg.png","726 (280)","716 (276)","10 (3.9)","1.43",""
"176","Federated States of Micronesia https://upload.wikimedia.org/wikipedia/commons/thumb/e/e4/Flag_of_the_Federated_States_of_Micronesia.svg/23px-Flag_of_the_Federated_States_of_Micronesia.svg.png","702 (271)","702 (271)","Negligible","Negligible",""
"177","Saint Lucia https://upload.wikimedia.org/wikipedia/commons/thumb/9/9f/Flag_of_Saint_Lucia.svg/23px-Flag_of_Saint_Lucia.svg.png","616 (238)","606 (234)","10 (3.9)","1.62","[Note 54]"
"–","Isle of Man (United Kingdom) https://upload.wikimedia.org/wikipedia/commons/thumb/b/bc/Flag_of_the_Isle_of_Man.svg/23px-Flag_of_the_Isle_of_Man.svg.png","572 (221)","572 (221)","0 (0)","0",""
"–","Guam (United States) https://upload.wikimedia.org/wikipedia/commons/thumb/0/07/Flag_of_Guam.svg/23px-Flag_of_Guam.svg.png","549 (212)","544 (210)","0 (0)","0",""
"178","Andorra https://upload.wikimedia.org/wikipedia/commons/thumb/1/19/Flag_of_Andorra.svg/22px-Flag_of_Andorra.svg.png","468 (181)","468 (181)","0 (0)","0","European microstate."
"–","Northern Mariana Islands (United States) https://upload.wikimedia.org/wikipedia/commons/thumb/e/e0/Flag_of_the_Northern_Mariana_Islands.svg/23px-Flag_of_the_Northern_Mariana_Islands.svg.png","464 (179)","464 (179)","0 (0)","0",""
"179","Palau https://upload.wikimedia.org/wikipedia/commons/thumb/4/48/Flag_of_Palau.svg/23px-Flag_of_Palau.svg.png","459 (177)","459 (177)","0 (0)","0",""
"180","Seychelles https://upload.wikimedia.org/wikipedia/commons/thumb/f/fc/Flag_of_Seychelles.svg/23px-Flag_of_Seychelles.svg.png","452 (175)","455 (176)","0 (0)","0","Smallest country in Africa."
"–","Curaçao (Netherlands) https://upload.wikimedia.org/wikipedia/commons/thumb/b/b1/Flag_of_Cura%C3%A7ao.svg/23px-Flag_of_Cura%C3%A7ao.svg.png","444 (171)","444 (171)","0 (0)","0","[Note 35]"
"181","Antigua and Barbuda https://upload.wikimedia.org/wikipedia/commons/thumb/8/89/Flag_of_Antigua_and_Barbuda.svg/23px-Flag_of_Antigua_and_Barbuda.svg.png","442 (171)","442.6 (170.9)","0 (0)","0",""
"182","Barbados https://upload.wikimedia.org/wikipedia/commons/thumb/e/ef/Flag_of_Barbados.svg/23px-Flag_of_Barbados.svg.png","430 (170)","431 (166)","0 (0)","0",""
"–","Heard Island and McDonald Islands (Australia) https://upload.wikimedia.org/wikipedia/en/thumb/b/b9/Flag_of_Australia.svg/23px-Flag_of_Australia.svg.png","412 (159)","412 (159)","0 (0)","0","[Note 15]"
"183","Saint Vincent and the Grenadines https://upload.wikimedia.org/wikipedia/commons/thumb/6/6d/Flag_of_Saint_Vincent_and_the_Grenadines.svg/23px-Flag_of_Saint_Vincent_and_the_Grenadines.svg.png","389 (150)","389 (150)","0 (0)","0",""
"–","Jan Mayen (Norway) https://upload.wikimedia.org/wikipedia/commons/thumb/d/d9/Flag_of_Norway.svg/21px-Flag_of_Norway.svg.png","377 (146)","377 (146)","0 (0)","0",""
"–","U.S. Virgin Islands (United States) https://upload.wikimedia.org/wikipedia/commons/thumb/f/f8/Flag_of_the_United_States_Virgin_Islands.svg/23px-Flag_of_the_United_States_Virgin_Islands.svg.png","347 (134)","346 (134)","1,564 (604)","81.88",""
"184","Grenada https://upload.wikimedia.org/wikipedia/commons/thumb/b/bc/Flag_of_Grenada.svg/23px-Flag_of_Grenada.svg.png","344 (133)","344 (133)","0 (0)","0",""
"185","Malta https://upload.wikimedia.org/wikipedia/commons/thumb/7/73/Flag_of_Malta.svg/23px-Flag_of_Malta.svg.png","316 (122)","316 (122)","0 (0)","0","European microstate. Smallest European Union member state."
"–","Saint Helena, Ascension and Tristan da Cunha (United Kingdom) https://upload.wikimedia.org/wikipedia/en/thumb/a/ae/Flag_of_the_United_Kingdom.svg/23px-Flag_of_the_United_Kingdom.svg.png","308 (119)","308 (119)","0 (0)","0","[Note 55]"
"186","Maldives https://upload.wikimedia.org/wikipedia/commons/thumb/0/0f/Flag_of_Maldives.svg/23px-Flag_of_Maldives.svg.png","300 (120)","298 (115)","0 (0)","0","Smallest country in Asia."
"–","Bonaire (Netherlands) https://upload.wikimedia.org/wikipedia/commons/thumb/1/1e/Flag_of_Bonaire.svg/23px-Flag_of_Bonaire.svg.png","294 (114)","294 (114)","0 (0)","0","[Note 35]"
"–","Cayman Islands (United Kingdom) https://upload.wikimedia.org/wikipedia/commons/thumb/0/0f/Flag_of_the_Cayman_Islands.svg/23px-Flag_of_the_Cayman_Islands.svg.png","264 (102)","264 (102)","0 (0)","0",""
"187","Saint Kitts and Nevis https://upload.wikimedia.org/wikipedia/commons/thumb/f/fe/Flag_of_Saint_Kitts_and_Nevis.svg/23px-Flag_of_Saint_Kitts_and_Nevis.svg.png","261 (101)","261 (101)","0 (0)","0","Smallest country in the Americas and the Western Hemisphere."
"–","Niue (New Zealand) https://upload.wikimedia.org/wikipedia/commons/thumb/0/01/Flag_of_Niue.svg/23px-Flag_of_Niue.svg.png","260 (100)","260 (100)","0 (0)","0","[Note 56]"
"–","Akrotiri and Dhekelia (United Kingdom) https://upload.wikimedia.org/wikipedia/en/thumb/a/ae/Flag_of_the_United_Kingdom.svg/23px-Flag_of_the_United_Kingdom.svg.png","253.8 (98.0)","not determined","not determined","not determined","There is a salt lake and some wetlands of unknown area."
"–","Saint Pierre and Miquelon (France) https://upload.wikimedia.org/wikipedia/commons/thumb/7/74/Flag_of_Saint-Pierre_and_Miquelon.svg/23px-Flag_of_Saint-Pierre_and_Miquelon.svg.png","242 (93)","242 (93)","0 (0)","0",""
"–","Cook Islands (New Zealand) https://upload.wikimedia.org/wikipedia/commons/thumb/3/35/Flag_of_the_Cook_Islands.svg/23px-Flag_of_the_Cook_Islands.svg.png","236 (91)","236 (91)","0 (0)","0","[Note 57]"
"–","American Samoa (United States) https://upload.wikimedia.org/wikipedia/commons/thumb/8/87/Flag_of_American_Samoa.svg/23px-Flag_of_American_Samoa.svg.png","199 (77)","199 (77)","0 (0)","0",""
"188","Marshall Islands https://upload.wikimedia.org/wikipedia/commons/thumb/2/2e/Flag_of_the_Marshall_Islands.svg/23px-Flag_of_the_Marshall_Islands.svg.png","181 (70)","181 (70)","11,673 (4,507)","98.47",""
"–","Aruba (Netherlands) https://upload.wikimedia.org/wikipedia/commons/thumb/f/f6/Flag_of_Aruba.svg/23px-Flag_of_Aruba.svg.png","180 (69)","180 (69)","0 (0)","0","[Note 35]"
"189","Liechtenstein https://upload.wikimedia.org/wikipedia/commons/thumb/4/47/Flag_of_Liechtenstein.svg/23px-Flag_of_Liechtenstein.svg.png","160 (62)","160 (62)","0 (0)","0","European microstate."
"–","British Virgin Islands (United Kingdom) https://upload.wikimedia.org/wikipedia/commons/thumb/4/42/Flag_of_the_British_Virgin_Islands.svg/23px-Flag_of_the_British_Virgin_Islands.svg.png","151 (58)","151 (58)","0 (0)","0",""
"–","Wallis and Futuna (France) https://upload.wikimedia.org/wikipedia/commons/thumb/d/d2/Flag_of_Wallis_and_Futuna.svg/23px-Flag_of_Wallis_and_Futuna.svg.png","142 (55)","142 (55)","0 (0)","0",""
"–","Christmas Island (Australia) https://upload.wikimedia.org/wikipedia/commons/thumb/6/67/Flag_of_Christmas_Island.svg/23px-Flag_of_Christmas_Island.svg.png","135 (52)","135 (52)","0 (0)","0","[Note 58]"
"–","Jersey (United Kingdom) https://upload.wikimedia.org/wikipedia/commons/thumb/1/1c/Flag_of_Jersey.svg/23px-Flag_of_Jersey.svg.png","116 (45)","116 (45)","0 (0)","0",""
"–","Montserrat (United Kingdom) https://upload.wikimedia.org/wikipedia/commons/thumb/d/d0/Flag_of_Montserrat.svg/23px-Flag_of_Montserrat.svg.png","102 (39)","102 (39)","0 (0)","0",""
"–","Anguilla (United Kingdom) https://upload.wikimedia.org/wikipedia/commons/thumb/b/b4/Flag_of_Anguilla.svg/23px-Flag_of_Anguilla.svg.png","91 (35)","91 (35)","0 (0)","0",""
"–","Guernsey (United Kingdom) https://upload.wikimedia.org/wikipedia/commons/thumb/f/fa/Flag_of_Guernsey.svg/23px-Flag_of_Guernsey.svg.png","78 (30)","78 (30)","0 (0)","0",""
"190","San Marino https://upload.wikimedia.org/wikipedia/commons/thumb/b/b1/Flag_of_San_Marino.svg/20px-Flag_of_San_Marino.svg.png","61 (24)","61 (24)","0 (0)","0","European microstate."
"–","British Indian Ocean Territory (United Kingdom) https://upload.wikimedia.org/wikipedia/commons/thumb/6/65/Flag_of_the_Commissioner_of_the_British_Indian_Ocean_Territory.svg/23px-Flag_of_the_Commissioner_of_the_British_Indian_Ocean_Territory.svg.png","60 (23)","60 (23)","54,340 (20,980)","99.89","[Note 59]"
"–","Saint Martin (France) https://upload.wikimedia.org/wikipedia/en/thumb/c/c3/Flag_of_France.svg/23px-Flag_of_France.svg.png","54 (21)","54.4 (21.0)","Negligible","Negligible","[Note 15]"
"–","Bermuda (United Kingdom) https://upload.wikimedia.org/wikipedia/commons/thumb/b/bf/Flag_of_Bermuda.svg/23px-Flag_of_Bermuda.svg.png","54 (21)","54 (21)","0 (0)","0",""
"–","Bouvet Island (Norway) https://upload.wikimedia.org/wikipedia/commons/thumb/6/6b/Flag_of_Norway%2C_state.svg/23px-Flag_of_Norway%2C_state.svg.png","49 (19)","49 (19)","0 (0)","0","[Note 15]"
"–","Pitcairn Islands (United Kingdom) https://upload.wikimedia.org/wikipedia/commons/thumb/8/88/Flag_of_the_Pitcairn_Islands.svg/23px-Flag_of_the_Pitcairn_Islands.svg.png","47 (18)","47 (18)","0 (0)","0","[Note 60]"
"–","Norfolk Island (Australia) https://upload.wikimedia.org/wikipedia/commons/thumb/4/48/Flag_of_Norfolk_Island.svg/23px-Flag_of_Norfolk_Island.svg.png","36 (14)","36 (14)","0 (0)","0",""
"–","Sint Maarten (Netherlands) https://upload.wikimedia.org/wikipedia/commons/thumb/d/d3/Flag_of_Sint_Maarten.svg/23px-Flag_of_Sint_Maarten.svg.png","34 (13)","34 (13)","0 (0)","0","[Note 35]"
"–","Macau (China) https://upload.wikimedia.org/wikipedia/commons/thumb/6/63/Flag_of_Macau.svg/23px-Flag_of_Macau.svg.png","31.3 (12.1)","28.2 (10.9)","0 (0)","0","[Note 61]"
"191","Tuvalu https://upload.wikimedia.org/wikipedia/commons/thumb/3/38/Flag_of_Tuvalu.svg/23px-Flag_of_Tuvalu.svg.png","26 (10)","26 (10)","0 (0)","0","Smallest Commonwealth realm."
"192","Nauru https://upload.wikimedia.org/wikipedia/commons/thumb/3/30/Flag_of_Nauru.svg/23px-Flag_of_Nauru.svg.png","21 (8.1)","21 (8.1)","0 (0)","0","Smallest island country, smallest republic and smallest country that is not a city-state"
"–","Saint Barthélemy (France) https://upload.wikimedia.org/wikipedia/commons/thumb/b/b4/Flag_of_Saint_Barth%C3%A9lemy_%28local%29.svg/23px-Flag_of_Saint_Barth%C3%A9lemy_%28local%29.svg.png","21 (8.1)","not determined","not determined","not determined","[Note 15]"
"–","Sint Eustatius (Netherlands) https://upload.wikimedia.org/wikipedia/commons/thumb/0/08/Flag_of_Sint_Eustatius.svg/23px-Flag_of_Sint_Eustatius.svg.png","21 (8.1)","not determined","not determined","not determined","[Note 35]"
"–","Cocos (Keeling) Islands (Australia) https://upload.wikimedia.org/wikipedia/commons/thumb/7/74/Flag_of_the_Cocos_%28Keeling%29_Islands.svg/23px-Flag_of_the_Cocos_%28Keeling%29_Islands.svg.png","14 (5.4)","14 (5.4)","0 (0)","0","[Note 58]"
"–","Saba (Netherlands) https://upload.wikimedia.org/wikipedia/commons/thumb/5/5a/Flag_of_Saba.svg/23px-Flag_of_Saba.svg.png","13 (5.0)","not determined","not determined","not determined","[Note 35]"
"–","Tokelau (New Zealand) https://upload.wikimedia.org/wikipedia/commons/thumb/8/8e/Flag_of_Tokelau.svg/23px-Flag_of_Tokelau.svg.png","12 (4.6)","12 (4.6)","0 (0)","0",""
"–","Gibraltar (United Kingdom) https://upload.wikimedia.org/wikipedia/commons/thumb/0/02/Flag_of_Gibraltar.svg/23px-Flag_of_Gibraltar.svg.png","6 (2.3)","6.5 (2.5)","0 (0)","0","British Overseas Territory"
"–","Clipperton Island (France) https://upload.wikimedia.org/wikipedia/en/thumb/c/c3/Flag_of_France.svg/23px-Flag_of_France.svg.png","6 (2.3)","2 (0.77)","4 (1.5)","66.67",""
"–","Ashmore and Cartier Islands (Australia) https://upload.wikimedia.org/wikipedia/en/thumb/b/b9/Flag_of_Australia.svg/23px-Flag_of_Australia.svg.png","5 (1.9)","5 (1.9)","0 (0)","0",""
"–","Spratly Islands (disputed)","< 5(< 1.9)","< 5(< 1.9)","0 (0)","0",""
"–","Coral Sea Islands (Australia) https://upload.wikimedia.org/wikipedia/en/thumb/b/b9/Flag_of_Australia.svg/23px-Flag_of_Australia.svg.png","< 3(< 1.2)","< 3(< 1.2)","0 (0)","0",""
"193","Monaco https://upload.wikimedia.org/wikipedia/commons/thumb/e/ea/Flag_of_Monaco.svg/19px-Flag_of_Monaco.svg.png","2.02 (0.78)","2.02 (0.78)","0 (0)","0","European microstate. Smallest country with a coastline. Smallest United Nations member state."
"194","Vatican City https://upload.wikimedia.org/wikipedia/commons/thumb/0/00/Flag_of_the_Vatican_City.svg/16px-Flag_of_the_Vatican_City.svg.png","0.49 (0.19)","0.49 (0.19)","0 (0)","0","European microstate. Smallest country in the world.[Note 62]"